-- ChurchCRM Genesis Seed Data
-- Версия: 1.0
-- Дата: 25.09.2025

-- Вставка тестовых пользователей
INSERT INTO users (id, email, full_name, phone, status) VALUES
('550e8400-e29b-41d4-a716-446655440001', 'admin@churchcrm.com', 'Администратор Системы', '+7 (999) 000-00-01', 'minister'),
('550e8400-e29b-41d4-a716-446655440002', 'ivan.petrov@example.com', 'Иван Петров', '+7 (999) 123-45-67', 'active_member'),
('550e8400-e29b-41d4-a716-446655440003', 'maria.sidorova@example.com', 'Мария Сидорова', '+7 (999) 234-56-78', 'new_member'),
('550e8400-e29b-41d4-a716-446655440004', 'alexey.kozlov@example.com', 'Алексей Козлов', '+7 (999) 345-67-89', 'minister'),
('550e8400-e29b-41d4-a716-446655440005', 'elena.petrova@example.com', 'Елена Петрова', '+7 (999) 456-78-90', 'active_member'),
('550e8400-e29b-41d4-a716-446655440006', 'dmitry.volkov@example.com', 'Дмитрий Волков', '+7 (999) 567-89-01', 'guest'),
('550e8400-e29b-41d4-a716-446655440007', 'anna.morozova@example.com', 'Анна Морозова', '+7 (999) 678-90-12', 'active_member'),
('550e8400-e29b-41d4-a716-446655440008', 'sergey.novikov@example.com', 'Сергей Новиков', '+7 (999) 789-01-23', 'new_member');

-- Вставка тегов для пользователей
INSERT INTO user_tags (user_id, tag_name) VALUES
('550e8400-e29b-41d4-a716-446655440002', 'Молодежное служение'),
('550e8400-e29b-41d4-a716-446655440002', 'Музыка'),
('550e8400-e29b-41d4-a716-446655440003', 'Детское служение'),
('550e8400-e29b-41d4-a716-446655440004', 'Лидерство'),
('550e8400-e29b-41d4-a716-446655440004', 'Проповедь'),
('550e8400-e29b-41d4-a716-446655440005', 'Детское служение'),
('550e8400-e29b-41d4-a716-446655440005', 'Образование'),
('550e8400-e29b-41d4-a716-446655440007', 'Молодежное служение'),
('550e8400-e29b-41d4-a716-446655440007', 'Волонтерство');

-- Вставка семейных связей
INSERT INTO family_connections (user_id, related_user_id, relationship_type) VALUES
('550e8400-e29b-41d4-a716-446655440002', '550e8400-e29b-41d4-a716-446655440003', 'spouse'),
('550e8400-e29b-41d4-a716-446655440003', '550e8400-e29b-41d4-a716-446655440002', 'spouse'),
('550e8400-e29b-41d4-a716-446655440004', '550e8400-e29b-41d4-a716-446655440005', 'spouse'),
('550e8400-e29b-41d4-a716-446655440005', '550e8400-e29b-41d4-a716-446655440004', 'spouse');

-- Вставка этапов роста
INSERT INTO growth_steps (user_id, step_type, title, description, completed_at) VALUES
('550e8400-e29b-41d4-a716-446655440002', 'baptism', 'Крещение', 'Принял крещение в церкви', '2024-01-15 10:00:00+00'),
('550e8400-e29b-41d4-a716-446655440002', 'membership', 'Членство', 'Стал полноправным членом церкви', '2024-03-20 10:00:00+00'),
('550e8400-e29b-41d4-a716-446655440002', 'ministry', 'Служение', 'Начал служение в молодежной группе', '2024-06-10 10:00:00+00'),
('550e8400-e29b-41d4-a716-446655440003', 'baptism', 'Крещение', 'Приняла крещение в церкви', '2024-08-15 10:00:00+00'),
('550e8400-e29b-41d4-a716-446655440004', 'leadership', 'Лидерство', 'Стал лидером молодежного служения', '2023-12-01 10:00:00+00'),
('550e8400-e29b-41d4-a716-446655440005', 'ministry', 'Служение', 'Начала служение в детской группе', '2024-02-10 10:00:00+00');

-- Вставка групп
INSERT INTO groups (id, name, description, leader_id, schedule, status) VALUES
('660e8400-e29b-41d4-a716-446655440001', 'Молодежное служение', 'Группа для молодых людей 18-30 лет', '550e8400-e29b-41d4-a716-446655440004', 'Воскресенье, 19:00', 'active'),
('660e8400-e29b-41d4-a716-446655440002', 'Семейное служение', 'Группа для семей с детьми', '550e8400-e29b-41d4-a716-446655440005', 'Суббота, 16:00', 'active'),
('660e8400-e29b-41d4-a716-446655440003', 'Детское служение', 'Группа для детей 5-12 лет', '550e8400-e29b-41d4-a716-446655440005', 'Воскресенье, 11:00', 'active'),
('660e8400-e29b-41d4-a716-446655440004', 'Молитвенная группа', 'Группа для совместной молитвы', '550e8400-e29b-41d4-a716-446655440001', 'Среда, 19:00', 'active');

-- Вставка участников групп
INSERT INTO group_members (group_id, user_id, role) VALUES
-- Молодежное служение
('660e8400-e29b-41d4-a716-446655440001', '550e8400-e29b-41d4-a716-446655440004', 'leader'),
('660e8400-e29b-41d4-a716-446655440001', '550e8400-e29b-41d4-a716-446655440002', 'member'),
('660e8400-e29b-41d4-a716-446655440001', '550e8400-e29b-41d4-a716-446655440007', 'member'),
('660e8400-e29b-41d4-a716-446655440001', '550e8400-e29b-41d4-a716-446655440008', 'member'),
-- Семейное служение
('660e8400-e29b-41d4-a716-446655440002', '550e8400-e29b-41d4-a716-446655440005', 'leader'),
('660e8400-e29b-41d4-a716-446655440002', '550e8400-e29b-41d4-a716-446655440002', 'member'),
('660e8400-e29b-41d4-a716-446655440002', '550e8400-e29b-41d4-a716-446655440003', 'member'),
-- Детское служение
('660e8400-e29b-41d4-a716-446655440003', '550e8400-e29b-41d4-a716-446655440005', 'leader'),
('660e8400-e29b-41d4-a716-446655440003', '550e8400-e29b-41d4-a716-446655440003', 'member'),
-- Молитвенная группа
('660e8400-e29b-41d4-a716-446655440004', '550e8400-e29b-41d4-a716-446655440001', 'leader'),
('660e8400-e29b-41d4-a716-446655440004', '550e8400-e29b-41d4-a716-446655440004', 'member'),
('660e8400-e29b-41d4-a716-446655440004', '550e8400-e29b-41d4-a716-446655440007', 'member');

-- Вставка событий
INSERT INTO events (id, title, description, start_date, end_date, location, organizer_id, qr_code) VALUES
('770e8400-e29b-41d4-a716-446655440001', 'Воскресное богослужение', 'Еженедельное воскресное богослужение', '2025-09-28 10:00:00+00', '2025-09-28 12:00:00+00', 'Главный зал', '550e8400-e29b-41d4-a716-446655440001', 'QR_CODE_001'),
('770e8400-e29b-41d4-a716-446655440002', 'Молодежная встреча', 'Еженедельная встреча молодежного служения', '2025-09-29 19:00:00+00', '2025-09-29 21:00:00+00', 'Зал молодежи', '550e8400-e29b-41d4-a716-446655440004', 'QR_CODE_002'),
('770e8400-e29b-41d4-a716-446655440003', 'Семейный день', 'Специальное мероприятие для семей', '2025-10-05 15:00:00+00', '2025-10-05 18:00:00+00', 'Весь комплекс', '550e8400-e29b-41d4-a716-446655440005', 'QR_CODE_003'),
('770e8400-e29b-41d4-a716-446655440004', 'Молитвенная встреча', 'Еженедельная молитвенная встреча', '2025-10-01 19:00:00+00', '2025-10-01 20:30:00+00', 'Малый зал', '550e8400-e29b-41d4-a716-446655440001', 'QR_CODE_004');

-- Вставка волонтеров событий
INSERT INTO event_volunteers (event_id, user_id, role) VALUES
-- Воскресное богослужение
('770e8400-e29b-41d4-a716-446655440001', '550e8400-e29b-41d4-a716-446655440004', 'Музыкальное служение'),
('770e8400-e29b-41d4-a716-446655440001', '550e8400-e29b-41d4-a716-446655440002', 'Встреча гостей'),
('770e8400-e29b-41d4-a716-446655440001', '550e8400-e29b-41d4-a716-446655440007', 'Детская комната'),
-- Молодежная встреча
('770e8400-e29b-41d4-a716-446655440002', '550e8400-e29b-41d4-a716-446655440002', 'Организатор'),
('770e8400-e29b-41d4-a716-446655440002', '550e8400-e29b-41d4-a716-446655440007', 'Помощник'),
-- Семейный день
('770e8400-e29b-41d4-a716-446655440003', '550e8400-e29b-41d4-a716-446655440003', 'Детские активности'),
('770e8400-e29b-41d4-a716-446655440003', '550e8400-e29b-41d4-a716-446655440008', 'Организация питания');

-- Вставка шаблонов сообщений
INSERT INTO message_templates (id, name, content, variables) VALUES
('880e8400-e29b-41d4-a716-446655440001', 'Еженедельные новости', 'Дорогие друзья! {{greeting}} Приглашаем вас на {{event_name}} {{event_date}} в {{event_location}}. {{additional_info}}', ARRAY['greeting', 'event_name', 'event_date', 'event_location', 'additional_info']),
('880e8400-e29b-41d4-a716-446655440002', 'Напоминание о событии', 'Напоминаем о предстоящем событии {{event_name}} {{event_date}} в {{event_location}}. {{reminder_note}}', ARRAY['event_name', 'event_date', 'event_location', 'reminder_note']),
('880e8400-e29b-41d4-a716-446655440003', 'Приглашение в группу', 'Приглашаем вас присоединиться к группе {{group_name}}. Лидер группы: {{leader_name}}. Встречи проходят {{schedule}} в {{location}}.', ARRAY['group_name', 'leader_name', 'schedule', 'location']),
('880e8400-e29b-41d4-a716-446655440004', 'Поздравление с днем рождения', 'Дорогой {{name}}! Поздравляем вас с днем рождения! Желаем вам {{wishes}}.', ARRAY['name', 'wishes']);

-- Вставка тестовых сообщений
INSERT INTO messages (id, title, content, template_id, sender_id, sent_at) VALUES
('990e8400-e29b-41d4-a716-446655440001', 'Еженедельные новости', 'Дорогие друзья! Добро пожаловать! Приглашаем вас на Воскресное богослужение 28 сентября в 10:00 в Главный зал. Будем рады видеть вас!', '880e8400-e29b-41d4-a716-446655440001', '550e8400-e29b-41d4-a716-446655440001', '2025-09-24 10:00:00+00'),
('990e8400-e29b-41d4-a716-446655440002', 'Напоминание о молодежной встрече', 'Напоминаем о предстоящем событии Молодежная встреча 29 сентября в 19:00 в Зал молодежи. Не забудьте взять с собой хорошее настроение!', '880e8400-e29b-41d4-a716-446655440002', '550e8400-e29b-41d4-a716-446655440004', '2025-09-25 18:00:00+00');

-- Вставка получателей сообщений
INSERT INTO message_recipients (message_id, user_id, delivery_status, delivered_at) VALUES
-- Получатели еженедельных новостей
('990e8400-e29b-41d4-a716-446655440001', '550e8400-e29b-41d4-a716-446655440002', 'delivered', '2025-09-24 10:05:00+00'),
('990e8400-e29b-41d4-a716-446655440001', '550e8400-e29b-41d4-a716-446655440003', 'delivered', '2025-09-24 10:05:00+00'),
('990e8400-e29b-41d4-a716-446655440001', '550e8400-e29b-41d4-a716-446655440004', 'delivered', '2025-09-24 10:05:00+00'),
('990e8400-e29b-41d4-a716-446655440001', '550e8400-e29b-41d4-a716-446655440005', 'delivered', '2025-09-24 10:05:00+00'),
('990e8400-e29b-41d4-a716-446655440001', '550e8400-e29b-41d4-a716-446655440007', 'delivered', '2025-09-24 10:05:00+00'),
-- Получатели напоминания о молодежной встрече
('990e8400-e29b-41d4-a716-446655440002', '550e8400-e29b-41d4-a716-446655440002', 'delivered', '2025-09-25 18:05:00+00'),
('990e8400-e29b-41d4-a716-446655440002', '550e8400-e29b-41d4-a716-446655440007', 'delivered', '2025-09-25 18:05:00+00'),
('990e8400-e29b-41d4-a716-446655440002', '550e8400-e29b-41d4-a716-446655440008', 'delivered', '2025-09-25 18:05:00+00');
